Work item ID,Work type,Summary,Description,Parent,Story points,Labels
1,Epic,Setup & Fondasi,"Menyiapkan monorepo, database, dan koneksi Prisma.",,,sprint-1
2,Task,Inisialisasi monorepo Turborepo + Bun,AC: `bun run dev` dari root menjalankan web & api.,1,3,sprint-1
3,Task,Docker Compose untuk PostgreSQL,"AC: `docker compose up` membuat DB, kredensial dari .env.",1,2,sprint-1
4,Task,Setup Prisma + model User + migration awal,"AC: Migration sukses, tabel User terlihat di DB.",1,3,sprint-1
5,Task,Endpoint /health di Nest,AC: Mengembalikan { status: ok }.,1,1,sprint-1
6,Task,"Setup .env.example, .gitignore, README dasar","AC: .env tidak ter-commit, README berisi cara menjalankan.",1,1,sprint-1
7,Epic,Katalog Film,"Daftar film populer dari TMDB lewat Nest, ditampilkan di Next.js.",,,sprint-2
8,Story,Modul TMDB di Nest (service + config API key),AC: API key hanya dibaca server dari env.,7,3,sprint-2
9,Story,Endpoint /movies/popular,AC: Mengembalikan daftar film + info halaman.,7,2,sprint-2
10,Story,Grid film di Next.js,"AC: Menampilkan poster, judul, rating; responsif.",7,3,sprint-2
11,Story,Pagination daftar film,AC: Bisa pindah halaman tanpa reload penuh.,7,2,sprint-2
12,Task,Caching response TMDB,AC: Request kedua ke resource sama tidak menembak TMDB.,7,2,sprint-2
13,Epic,Detail & Trailer,Halaman detail film dan trailer YouTube.,,,sprint-3
14,Story,Endpoint /movies/:id dan /movies/:id/videos,AC: Data detail dan daftar trailer tersedia.,13,2,sprint-3
15,Story,Halaman detail film,"AC: Menampilkan sinopsis, genre, durasi, cast.",13,3,sprint-3
16,Story,Embed trailer YouTube,AC: Trailer bisa diputar; ada fallback jika tidak ada trailer.,13,2,sprint-3
17,Epic,Pencarian & Filter,Cari film dan filter berdasarkan genre.,,,sprint-3
18,Story,Endpoint /movies/search,"AC: Query kosong ditangani, hasil dipaginasi.",17,2,sprint-3
19,Story,Search bar di UI (debounce),AC: Hasil muncul tanpa spam request.,17,3,sprint-3
20,Story,Endpoint /genres + filter genre di UI,AC: Memilih genre memfilter daftar film.,17,3,sprint-3
21,Epic,Auth & Watchlist,"Register, login, dan watchlist pribadi.",,,sprint-4
22,Story,Register (hash password),"AC: Email duplikat ditolak, password ter-hash di DB.",21,3,sprint-4
23,Story,Login + JWT,"AC: Login benar mengembalikan token, salah ditolak.",21,3,sprint-4
24,Story,Guard route terproteksi + /auth/me,AC: Tanpa token mendapat 401.,21,2,sprint-4
25,Story,Model WatchlistItem + migration,"AC: Unique (userId, tmdbId) berlaku.",21,2,sprint-4
26,Story,Endpoint watchlist (GET/POST/DELETE),AC: Hanya milik user yang login.,21,3,sprint-4
27,Story,UI watchlist (tombol tambah/hapus + halaman),AC: Status tombol sinkron dengan data.,21,3,sprint-4
28,Epic,Polish & Bonus,"Perapihan UI, atribusi TMDB, dan fitur tambahan.",,,sprint-4
29,Task,Loading skeleton & error state,AC: Tidak ada layar kosong saat loading/error.,28,2,sprint-4
30,Task,Atribusi TMDB di footer,AC: Logo dan teks atribusi tampil.,28,1,sprint-4
31,Story,(Bonus) Player film legal,AC: Film Blender/public domain bisa diputar.,28,5,sprint-4
32,Task,(Bonus) Dockerfile untuk web & api,AC: Aplikasi jalan lewat Docker.,28,3,sprint-4
33,Task,README final + dokumentasi arsitektur,AC: Orang lain bisa menjalankan project dari README.,28,2,sprint-4
